run_id,mean_renewable_generation,std_renewable_generation,sum_total_cost
run_000,1632.6418916043779,583.6517974020037,-1155.722797300019
run_001,1613.4293005383429,598.7055920528892,-3171.553199170694
run_002,1556.2463342550598,740.4312577449042,16520.695236544885
run_003,1685.0830126786125,718.8418554796272,11124.652977321737
run_004,1434.585064937423,644.5253255427235,9306.248573244258
